<?xml version="1.0" encoding="UTF-8"?>
<!DOCTYPE hibernate-configuration PUBLIC "-//Hibernate/Hibernate Configuration DTD 3.0//EN" "http://hibernate.sourceforge.net/hibernate-configuration-3.0.dtd">
<hibernate-configuration>
	<session-factory>
		<property name="hibernate.connection.driver_class">com.mysql.jdbc.Driver</property>
		<property name="hibernate.connection.url">jdbc:mysql://localhost:3306/proyectomundial</property>
		<property name="hibernate.connection.username">root</property>
		<property name="hibernate.connection.password">101011</property>
		<property name="hibernate.connection.pool_size">10</property>
		<property name="hibernate.show_sql">true</property>
		<property name="hibernate.dialect">org.hibernate.dialect.MySQLDialect</property>


		<mapping class="entity.Goalscorer" />
		<mapping class="entity.Stadium" />
		<mapping class="entity.Team" />
		<mapping class="entity.User" />
		<mapping class="entity.Audit"/>
		<mapping class="entity.New"/>
		<mapping class="entity.Schedule"/>
		<mapping class="entity.Referee"/>
		<mapping class="entity.Parameter"/>


	</session-factory>
</hibernate-configuration>




